City_ID,City,Lat,Lng,Current Description,Max Temp,Humidity,Cloudiness,Wind Speed,Country,Date,Rain inches (last 3 hrs),Snow inches (last 3 hrs)
0,Ust-Maya,60.42,134.53,overcast clouds,31.17,90,98,6.46,RU,2020-05-09 22:25:40,0,0
1,Bluff,-46.6,168.33,broken clouds,53.53,74,60,10.29,NZ,2020-05-09 22:24:45,0,0
2,Nikolskoye,59.7,30.79,clear sky,41.0,64,2,4.47,RU,2020-05-09 22:25:41,0,0
3,Laguna,38.42,-121.42,clear sky,91.99,14,1,6.93,US,2020-05-09 22:25:41,0,0
4,Nouadhibou,20.93,-17.03,scattered clouds,67.53,76,45,25.01,MR,2020-05-09 22:25:41,0,0
5,Patna,25.6,85.12,haze,82.4,83,0,4.7,IN,2020-05-09 22:25:41,0,0
6,Mataura,-46.19,168.86,scattered clouds,51.67,72,48,3.91,NZ,2020-05-09 22:24:38,0,0
7,Richards Bay,-28.78,32.04,clear sky,65.43,91,2,3.8,ZA,2020-05-09 22:25:41,0,0
8,Albany,42.6,-73.97,broken clouds,39.99,59,81,3.0,US,2020-05-09 22:25:42,0,0
9,Rikitea,-23.12,-134.97,overcast clouds,75.51,70,87,3.44,PF,2020-05-09 22:25:42,0,0
10,Bonthe,7.53,-12.51,overcast clouds,81.18,86,100,7.11,SL,2020-05-09 22:25:42,0,0
11,Ushuaia,-54.8,-68.3,overcast clouds,44.6,81,88,6.93,AR,2020-05-09 22:25:42,0,0
12,Ranong,9.97,98.63,overcast clouds,81.14,81,99,3.65,TH,2020-05-09 22:25:42,0,0
13,New Norfolk,-42.78,147.06,few clouds,48.0,82,15,1.01,AU,2020-05-09 22:24:42,0,0
14,La Roche-Sur-Yon,46.67,-1.43,thunderstorm with rain,60.8,93,37,5.82,FR,2020-05-09 22:25:42,0,0
15,Tasiilaq,65.61,-37.64,overcast clouds,32.0,89,100,14.99,GL,2020-05-09 22:25:43,0,0
16,Busselton,-33.65,115.33,clear sky,39.0,75,0,3.27,AU,2020-05-09 22:25:43,0,0
17,Hochst,47.46,9.64,moderate rain,62.6,72,90,9.17,AT,2020-05-09 22:25:43,0,0
18,Gbadolite,4.28,21.02,scattered clouds,69.39,93,50,1.43,CD,2020-05-09 22:25:43,0,0
19,Upernavik,72.79,-56.15,overcast clouds,20.12,93,100,12.59,GL,2020-05-09 22:25:43,0,0
20,Thompson,55.74,-97.86,broken clouds,37.4,37,75,19.46,CA,2020-05-09 22:22:03,0,0
21,Padang,-0.95,100.35,overcast clouds,79.14,70,91,3.31,ID,2020-05-09 22:25:11,0,0
22,Avarua,-21.21,-159.78,few clouds,82.4,78,12,17.22,CK,2020-05-09 22:22:52,0,0
23,Itarema,-2.92,-39.92,light rain,78.26,85,5,6.08,BR,2020-05-09 22:25:44,0,0
24,Puerto Madero,14.72,-92.42,few clouds,91.4,59,20,11.41,MX,2020-05-09 22:25:44,0,0
25,Estacion Coahuila,32.19,-115.0,few clouds,102.2,11,20,6.93,MX,2020-05-09 22:25:44,0,0
26,Tessalit,20.2,1.01,clear sky,83.55,14,3,1.95,ML,2020-05-09 22:25:44,0,0
27,Geraldton,-28.77,114.6,broken clouds,60.8,44,57,12.75,AU,2020-05-09 22:25:44,0,0
28,Khatanga,71.97,102.5,clear sky,17.65,97,10,7.58,RU,2020-05-09 22:24:04,0,0
29,Kenora,49.82,-94.43,broken clouds,44.6,39,75,13.87,CA,2020-05-09 22:23:45,0,0
30,Yellowknife,62.46,-114.35,few clouds,37.4,44,20,12.75,CA,2020-05-09 22:25:45,0,0
31,Puerto Escondido,15.85,-97.07,clear sky,86.0,70,5,6.93,MX,2020-05-09 22:25:18,0,0
32,Cherskiy,68.75,161.3,overcast clouds,40.19,78,100,8.61,RU,2020-05-09 22:25:12,0,0
33,Chino,34.01,-117.69,haze,87.01,35,1,11.41,US,2020-05-09 22:21:09,0,0
34,Nelson Bay,-32.72,152.15,clear sky,57.0,66,0,11.41,AU,2020-05-09 22:25:45,0,0
35,Ribeira Grande,38.52,-28.7,overcast clouds,64.15,90,94,19.28,PT,2020-05-09 22:25:45,0,0
36,Mbandaka,0.05,18.26,overcast clouds,72.55,96,98,0.63,CD,2020-05-09 22:25:45,0,0
37,Puerto Ayora,-0.74,-90.35,few clouds,84.2,70,20,20.8,EC,2020-05-09 22:24:46,0,0
38,Ridgecrest,35.62,-117.67,clear sky,100.4,7,1,16.11,US,2020-05-09 22:25:46,0,0
39,Lavrentiya,65.58,-171.0,overcast clouds,35.15,92,100,9.62,RU,2020-05-09 22:25:46,0,0
40,Castro,-24.79,-50.01,clear sky,54.19,84,0,3.6,BR,2020-05-09 22:22:41,0,0
41,Rolandia,-23.31,-51.37,clear sky,71.6,49,0,4.09,BR,2020-05-09 22:25:46,0,0
42,Buzmeyin,38.05,58.21,clear sky,64.4,68,0,2.24,TM,2020-05-09 22:25:46,0,0
43,Jamestown,42.1,-79.24,light rain,37.0,69,90,19.46,US,2020-05-09 22:25:46,0,0
44,Aksay,47.26,39.87,scattered clouds,50.0,87,40,6.71,RU,2020-05-09 22:25:46,0,0
45,Sao Joao Da Barra,-21.64,-41.05,scattered clouds,71.6,73,40,6.96,BR,2020-05-09 22:25:47,0,0
46,Abdanan,32.99,47.42,overcast clouds,74.1,38,100,9.71,IR,2020-05-09 22:22:37,0,0
47,Buchanan,5.88,-10.05,broken clouds,78.8,94,75,8.39,LR,2020-05-09 22:25:47,0,0
48,Vaini,-21.2,-175.2,broken clouds,84.2,83,75,16.11,TO,2020-05-09 22:25:47,0,0
49,Luderitz,-26.65,15.16,clear sky,57.2,82,0,1.12,NA,2020-05-09 22:24:35,0,0
50,Kapaa,22.08,-159.32,scattered clouds,80.6,61,40,17.22,US,2020-05-09 22:25:47,0,0
51,Leningradskiy,69.38,178.42,overcast clouds,25.5,95,100,8.99,RU,2020-05-09 22:24:50,0,0
52,Nelspruit,-25.47,30.97,clear sky,59.0,93,6,1.12,ZA,2020-05-09 22:25:48,0,0
53,Atuona,-9.8,-139.03,light rain,80.62,79,39,18.23,PF,2020-05-09 22:25:48,0,0
54,Kruisfontein,-34.0,24.73,clear sky,59.63,71,0,4.74,ZA,2020-05-09 22:25:20,0,0
55,Cayenne,4.93,-52.33,overcast clouds,77.0,100,90,12.06,GF,2020-05-09 22:25:48,0,0
56,Zhigansk,66.77,123.37,few clouds,16.99,96,18,10.33,RU,2020-05-09 22:25:48,0,0
57,Teya,60.38,92.63,overcast clouds,52.92,76,100,5.03,RU,2020-05-09 22:25:48,0,0
58,Shimoda,34.67,138.95,mist,62.6,100,75,1.12,JP,2020-05-09 22:25:48,0,0
59,Qurayyat,31.33,37.34,clear sky,60.8,63,0,6.93,SA,2020-05-09 22:25:49,0,0
60,Pevek,69.7,170.31,overcast clouds,37.72,74,100,12.5,RU,2020-05-09 22:25:49,0,0
61,Leshukonskoye,64.9,45.76,clear sky,38.34,91,2,6.17,RU,2020-05-09 22:24:52,0,0
62,Bambous Virieux,-20.34,57.76,scattered clouds,75.2,78,40,9.17,MU,2020-05-09 22:25:49,0,0
63,Roald,62.58,6.13,light snow,37.99,69,98,12.75,NO,2020-05-09 22:25:49,0,0
64,Georgetown,5.41,100.34,scattered clouds,80.6,100,40,3.36,MY,2020-05-09 22:25:49,0,0
65,Hermanus,-34.42,19.23,clear sky,64.99,64,0,1.01,ZA,2020-05-09 22:25:49,0,0
66,Jingdezhen,29.29,117.21,broken clouds,64.58,90,55,3.94,CN,2020-05-09 22:25:50,0,0
67,San Cristobal,7.77,-72.22,broken clouds,84.2,51,75,23.04,VE,2020-05-09 22:25:50,0,0
68,Steinbach,50.17,8.57,scattered clouds,62.01,82,40,5.82,DE,2020-05-09 22:25:50,0,0
69,Saint-Philippe,-21.36,55.77,few clouds,69.8,73,20,8.05,RE,2020-05-09 22:25:50,0,0
70,Clyde River,70.47,-68.59,overcast clouds,14.0,85,90,12.75,CA,2020-05-09 22:25:50,0,0
71,Severnyy,50.68,36.55,clear sky,46.4,81,10,4.47,RU,2020-05-09 22:25:50,0,0
72,Henties Bay,-22.12,14.28,clear sky,70.72,48,0,8.7,NA,2020-05-09 22:25:50,0,0
73,Martapura,-3.42,114.85,broken clouds,75.2,100,75,1.12,ID,2020-05-09 22:25:50,0,0
74,Hithadhoo,-0.6,73.08,light rain,84.49,78,90,12.93,MV,2020-05-09 22:25:51,0,0
75,Barrow,71.29,-156.79,clear sky,28.4,86,1,10.29,US,2020-05-09 22:25:51,0,0
76,Cape Town,-33.93,18.42,fog,59.0,100,75,3.36,ZA,2020-05-09 22:21:29,0,0
77,Saravan,39.72,45.65,thunderstorm with light rain,53.6,87,90,9.17,AM,2020-05-09 22:25:51,0,0
78,Tokur,53.13,132.9,overcast clouds,42.39,63,91,1.83,RU,2020-05-09 22:25:51,0,0
79,Dudinka,69.41,86.18,broken clouds,30.2,86,75,17.9,RU,2020-05-09 22:25:51,0,0
80,Varhaug,58.61,5.65,light rain,42.8,81,75,6.93,NO,2020-05-09 22:25:51,0,0
81,Punta Arenas,-53.15,-70.92,overcast clouds,42.8,93,90,2.59,CL,2020-05-09 22:25:51,0,0
82,Tongzi,28.78,105.09,broken clouds,59.31,81,63,1.95,CN,2020-05-09 22:25:52,0,0
83,Vestmanna,62.16,-7.17,light snow,30.2,68,31,16.11,FO,2020-05-09 22:25:52,0,0
84,Mezen,65.85,44.24,light rain,41.09,90,84,8.46,RU,2020-05-09 22:25:52,0,0
85,Asau,46.43,26.4,broken clouds,50.0,86,52,3.13,RO,2020-05-09 22:25:44,0,0
86,Chirongui,-12.93,45.15,light rain,78.8,94,57,2.24,YT,2020-05-09 22:25:52,0,0
87,Sur,22.57,59.53,clear sky,85.32,40,0,6.4,OM,2020-05-09 22:25:52,0,0
88,Port Alfred,-33.59,26.89,clear sky,61.0,96,0,1.01,ZA,2020-05-09 22:24:38,0,0
89,Ponta Do Sol,32.67,-17.1,scattered clouds,66.2,72,40,2.24,PT,2020-05-09 22:25:52,0,0
90,Kodiak,57.79,-152.41,light rain,44.6,93,90,5.82,US,2020-05-09 22:24:58,0,0
91,Kahului,20.89,-156.47,scattered clouds,80.6,61,40,21.92,US,2020-05-09 22:22:30,0,0
92,Port Macquarie,-31.43,152.92,clear sky,61.0,85,0,15.3,AU,2020-05-09 22:25:53,0,0
93,Porto Santo,33.07,-16.34,broken clouds,64.4,88,75,11.41,PT,2020-05-09 22:25:53,0,0
94,Mahebourg,-20.41,57.7,scattered clouds,75.2,78,40,9.17,MU,2020-05-09 22:25:53,0,0
95,Narrabri,-30.32,149.78,clear sky,52.0,81,0,6.93,AU,2020-05-09 22:25:53,0,0
96,Pakxe,15.12,105.78,light rain,79.52,84,97,3.4,LA,2020-05-09 22:25:53,0,0
97,Taoudenni,22.68,-3.98,few clouds,96.78,12,18,6.2,ML,2020-05-09 22:24:38,0,0
98,Progreso,21.28,-89.67,broken clouds,86.0,66,75,9.17,MX,2020-05-09 22:25:53,0,0
99,Qaanaaq,77.48,-69.36,broken clouds,12.07,86,67,3.74,GL,2020-05-09 22:25:54,0,0
100,Alappuzha,9.49,76.33,light rain,84.24,82,100,5.7,IN,2020-05-09 22:25:54,0,0
101,Haukipudas,65.18,25.35,clear sky,35.6,80,0,5.82,FI,2020-05-09 22:25:54,0,0
102,Labuhan,-6.88,112.21,overcast clouds,75.92,89,95,7.99,ID,2020-05-09 22:25:54,0,0
103,Longyearbyen,78.22,15.64,few clouds,17.6,57,20,12.75,SJ,2020-05-09 22:24:55,0,0
104,Magadan,59.57,150.8,broken clouds,37.87,72,63,9.46,RU,2020-05-09 22:25:54,0,0
105,Port Hardy,50.7,-127.42,broken clouds,68.0,45,75,3.36,CA,2020-05-09 22:25:54,0,0
106,Boulsa,12.67,-0.58,broken clouds,94.3,30,53,6.93,BF,2020-05-09 22:25:55,0,0
107,Victoria,22.29,114.16,broken clouds,82.0,83,73,6.13,HK,2020-05-09 22:25:55,0,0
108,Bredasdorp,-34.53,20.04,clear sky,60.8,87,0,2.06,ZA,2020-05-09 22:25:55,0,0
109,Chapais,49.78,-74.85,light snow,28.4,63,90,8.05,CA,2020-05-09 22:25:05,0,0
110,Kavieng,-2.57,150.8,clear sky,84.43,75,2,8.75,PG,2020-05-09 22:25:55,0,0
111,Opuwo,-18.06,13.84,clear sky,64.71,39,0,7.18,NA,2020-05-09 22:25:55,0,0
112,Merauke,-8.47,140.33,light rain,80.19,85,1,13.65,ID,2020-05-09 22:25:05,0,0
113,Dikson,73.51,80.55,overcast clouds,25.52,97,91,18.03,RU,2020-05-09 22:25:56,0,0
114,Portel,-1.94,-50.82,light rain,77.49,94,100,2.19,BR,2020-05-09 22:25:56,0,0
115,Esperance,-33.87,121.9,clear sky,46.4,81,0,13.87,AU,2020-05-09 22:25:56,0,0
116,Colac,-38.33,143.58,few clouds,42.01,98,12,5.23,AU,2020-05-09 22:23:08,0,0
117,Banda Aceh,5.56,95.32,overcast clouds,78.15,89,100,7.65,ID,2020-05-09 22:24:46,0,0
118,Klaksvik,62.23,-6.59,light snow,30.2,68,54,16.11,FO,2020-05-09 22:25:56,0,0
119,Camacha,33.08,-16.33,broken clouds,64.4,88,75,11.41,PT,2020-05-09 22:25:21,0,0
120,Namatanai,-3.67,152.43,clear sky,84.15,72,1,4.92,PG,2020-05-09 22:25:57,0,0
121,Lebu,-37.62,-73.65,light rain,57.76,82,100,18.23,CL,2020-05-09 22:25:57,0,0
122,Airai,-8.93,125.41,overcast clouds,56.88,100,100,3.6,TL,2020-05-09 22:24:49,0,0
123,Aswan,24.09,32.91,clear sky,73.29,26,0,12.48,EG,2020-05-09 22:25:57,0,0
124,Saint-Alexandre,44.23,4.62,broken clouds,60.01,83,69,5.57,FR,2020-05-09 22:25:57,0,0
125,Hobart,-42.88,147.33,scattered clouds,48.0,81,40,8.05,AU,2020-05-09 22:24:41,0,0
126,Port Hedland,-20.32,118.57,broken clouds,77.0,34,63,10.29,AU,2020-05-09 22:25:57,0,0
127,Joshimath,30.57,79.57,scattered clouds,51.96,44,26,6.85,IN,2020-05-09 22:25:58,0,0
128,Katsuura,35.13,140.3,broken clouds,66.0,94,81,8.01,JP,2020-05-09 22:25:33,0,0
129,Gamba,-2.65,10.0,overcast clouds,77.16,87,88,2.59,GA,2020-05-09 22:25:58,0,0
130,Samarai,-10.62,150.67,overcast clouds,80.89,81,96,14.03,PG,2020-05-09 22:24:57,0,0
131,Nabire,-3.37,135.48,few clouds,79.54,85,13,2.75,ID,2020-05-09 22:25:58,0,0
132,Iqaluit,63.75,-68.51,broken clouds,37.4,69,75,9.17,CA,2020-05-09 22:25:09,0,0
133,Tuktoyaktuk,69.45,-133.04,scattered clouds,35.6,74,40,19.46,CA,2020-05-09 22:25:58,0,0
134,Pervomayskiy,53.25,40.29,light rain,48.85,89,100,5.64,RU,2020-05-09 22:25:58,0,0
135,Ilulissat,69.22,-51.1,light rain,32.0,82,100,3.36,GL,2020-05-09 22:25:59,0,0
136,Zhangye,38.93,100.45,scattered clouds,50.47,41,48,21.74,CN,2020-05-09 22:25:59,0,0
137,Flinders,-34.58,150.86,clear sky,53.01,60,0,5.01,AU,2020-05-09 22:25:59,0,0
138,Puerto Narino,-3.77,-70.38,broken clouds,80.6,83,75,5.82,CO,2020-05-09 22:25:59,0,0
139,Carnarvon,-24.87,113.63,overcast clouds,74.97,41,100,11.9,AU,2020-05-09 22:25:59,0,0
140,Mapiripan,2.89,-72.13,light rain,80.44,84,100,2.53,CO,2020-05-09 22:25:59,0,0
141,Dzhubga,44.32,38.7,broken clouds,53.38,69,61,10.98,RU,2020-05-09 22:25:59,0,0
142,Wundanyi,-3.4,38.36,broken clouds,61.54,95,58,5.86,KE,2020-05-09 22:25:59,0,0
143,Bima,-8.47,118.72,overcast clouds,73.74,88,98,3.36,ID,2020-05-09 22:26:00,0,0
144,Sitka,57.05,-135.33,broken clouds,69.8,28,75,11.41,US,2020-05-09 22:26:00,0,0
145,San Patricio,19.22,-104.7,few clouds,84.2,79,20,17.22,MX,2020-05-09 22:24:53,0,0
146,East London,-33.02,27.91,few clouds,65.53,79,13,6.87,ZA,2020-05-09 22:26:00,0,0
147,Magaria,13.0,8.91,few clouds,89.31,31,23,7.27,NE,2020-05-09 22:26:00,0,0
148,Kyshtym,55.71,60.55,overcast clouds,57.74,56,99,3.71,RU,2020-05-09 22:26:00,0,0
149,Faya,18.39,42.45,clear sky,68.0,68,0,1.32,SA,2020-05-09 22:24:56,0,0
150,Bayburt,40.26,40.23,light rain,39.4,89,100,4.52,TR,2020-05-09 22:26:22,0,0
151,Bara,10.37,10.73,broken clouds,84.79,54,72,6.58,NG,2020-05-09 22:26:22,0,0
152,Cabedelo,-6.98,-34.83,few clouds,77.0,83,20,5.82,BR,2020-05-09 22:26:22,0,0
153,Cidreira,-30.18,-50.21,clear sky,63.99,80,0,8.41,BR,2020-05-09 22:22:40,0,0
154,Kilindoni,-7.91,39.67,moderate rain,79.97,79,93,16.35,TZ,2020-05-09 22:26:22,0,0
155,Tuatapere,-46.13,167.68,overcast clouds,56.19,78,90,7.2,NZ,2020-05-09 22:26:22,0,0
156,Tolbazy,54.02,55.88,scattered clouds,59.0,71,40,2.24,RU,2020-05-09 22:26:22,0,0
157,Poya,-21.35,165.15,clear sky,74.12,67,9,2.42,NC,2020-05-09 22:26:23,0,0
158,Champerico,14.3,-91.92,scattered clouds,91.4,59,40,13.87,GT,2020-05-09 22:26:23,0,0
159,Ishigaki,24.34,124.16,few clouds,78.8,100,20,4.7,JP,2020-05-09 22:26:23,0,0
160,Yar-Sale,66.83,70.83,overcast clouds,34.25,89,95,9.01,RU,2020-05-09 22:26:23,0,0
161,Korla,41.76,86.15,scattered clouds,66.33,25,35,10.85,CN,2020-05-09 22:26:23,0,0
162,Bontang,0.13,117.5,light rain,79.48,83,100,3.0,ID,2020-05-09 22:26:23,0,0
163,Sola,-13.88,167.55,broken clouds,82.4,78,75,16.53,VU,2020-05-09 22:26:23,0,0
164,Calafell,41.2,1.57,overcast clouds,64.0,92,100,4.0,ES,2020-05-09 22:26:23,0,0
165,Changji,44.02,87.32,broken clouds,64.4,15,74,11.18,CN,2020-05-09 22:26:23,0,0
166,Sioux Lookout,50.1,-91.92,broken clouds,42.8,45,75,8.05,CA,2020-05-09 22:24:49,0,0
167,Daytona Beach,29.21,-81.02,scattered clouds,71.6,68,40,16.11,US,2020-05-09 22:24:11,0,0
168,Kieta,-6.22,155.63,light rain,84.09,77,74,6.58,PG,2020-05-09 22:26:24,0,0
169,Saldanha,-33.01,17.94,clear sky,59.0,62,0,2.24,ZA,2020-05-09 22:26:24,0,0
170,Alofi,-19.06,-169.92,broken clouds,84.2,79,58,10.29,NU,2020-05-09 22:26:24,0,0
171,Erzincan,39.75,39.5,overcast clouds,41.0,93,90,1.74,TR,2020-05-09 22:26:24,0,0
172,Kamenka,51.32,42.77,scattered clouds,50.0,92,27,1.99,RU,2020-05-09 22:26:24,0,0
173,Cananea,30.95,-110.3,overcast clouds,84.0,22,91,4.0,MX,2020-05-09 22:26:24,0,0
174,The Pas,53.83,-101.25,few clouds,42.8,33,20,8.05,CA,2020-05-09 22:26:25,0,0
175,Buraydah,26.33,43.98,broken clouds,80.6,69,75,13.87,SA,2020-05-09 22:26:25,0,0
176,Stromness,58.97,-3.3,light rain,39.2,86,96,29.97,GB,2020-05-09 22:26:25,0,0
177,Makakilo City,21.35,-158.09,broken clouds,82.4,61,75,13.87,US,2020-05-09 22:26:25,0,0
178,Tucuman,-26.82,-65.22,clear sky,68.0,68,0,3.36,AR,2020-05-09 22:26:25,0,0
179,Torata,-17.08,-70.84,broken clouds,63.88,44,74,3.6,PE,2020-05-09 22:26:25,0,0
180,Honningsvag,70.98,25.97,light snow,35.06,80,94,12.62,NO,2020-05-09 22:26:25,0,0
181,Urumita,10.56,-73.01,moderate rain,83.73,67,90,3.71,CO,2020-05-09 22:26:26,0,0
182,Popondetta,-8.75,148.25,light rain,77.85,89,89,1.23,PG,2020-05-09 22:26:26,0,0
183,Constantine,36.37,6.61,scattered clouds,62.6,82,40,4.7,DZ,2020-05-09 22:26:26,0,0
184,Kurumkan,54.3,110.3,scattered clouds,38.28,70,37,4.27,RU,2020-05-09 22:26:26,0,0
185,Killybegs,54.63,-8.45,overcast clouds,51.8,100,100,5.82,IE,2020-05-09 22:26:26,0,0
186,Arecibo,18.47,-66.72,overcast clouds,81.0,77,100,7.0,PR,2020-05-09 22:26:26,0,0
187,Cabo San Lucas,22.89,-109.91,scattered clouds,91.4,9,40,11.41,MX,2020-05-09 22:25:11,0,0
188,Nanortalik,60.14,-45.24,scattered clouds,42.08,64,47,16.37,GL,2020-05-09 22:26:27,0,0
189,Sinnamary,5.38,-52.95,light rain,78.8,86,99,12.08,GF,2020-05-09 22:26:27,0,0
190,Inhambane,-23.86,35.38,light rain,68.86,85,13,10.6,MZ,2020-05-09 22:26:27,0,0
191,Toropets,56.5,31.64,few clouds,44.13,89,13,4.21,RU,2020-05-09 22:26:27,0,0
192,Vostok,46.49,135.88,moderate rain,44.4,95,100,3.65,RU,2020-05-09 22:25:32,0,0
193,Kandi,11.13,2.94,scattered clouds,92.57,32,46,4.74,BJ,2020-05-09 22:26:27,0,0
194,Promyshlennovskiy,55.48,86.2,clear sky,53.6,62,10,2.24,RU,2020-05-09 22:26:27,0,0
195,San Francisco,37.77,-122.42,few clouds,66.99,59,20,25.28,US,2020-05-09 22:26:08,0,0
196,Naze,28.37,129.48,broken clouds,73.4,94,75,10.29,JP,2020-05-09 22:26:28,0,0
197,Mossendjo,-2.95,12.73,light rain,71.58,98,99,2.04,CG,2020-05-09 22:26:28,0,0
198,Calmar,53.27,-113.82,broken clouds,51.01,39,75,14.99,CA,2020-05-09 22:26:28,0,0
199,Adrar,20.5,-10.07,clear sky,91.67,11,0,12.59,MR,2020-05-09 22:26:28,0,0
200,Touros,-5.2,-35.46,scattered clouds,78.8,78,40,4.7,BR,2020-05-09 22:25:05,0,0
201,Constitucion,-35.33,-72.42,few clouds,56.64,92,20,2.35,CL,2020-05-09 22:26:28,0,0
202,Fernley,39.61,-119.25,broken clouds,84.99,8,80,8.99,US,2020-05-09 22:26:28,0,0
203,Kawalu,-7.38,108.21,overcast clouds,72.93,87,95,2.8,ID,2020-05-09 22:26:28,0,0
204,Coquimbo,-29.95,-71.34,broken clouds,55.4,87,75,9.17,CL,2020-05-09 22:24:52,0,0
205,Port Lincoln,-34.73,135.87,light rain,55.33,71,29,7.92,AU,2020-05-09 22:26:29,0,0
206,Margate,51.38,1.39,broken clouds,57.0,78,57,4.0,GB,2020-05-09 22:26:29,0,0
207,Lakatoro,-16.1,167.42,broken clouds,80.6,74,75,8.05,VU,2020-05-09 22:26:29,0,0
208,Tura,25.52,90.22,clear sky,74.05,43,0,3.33,IN,2020-05-09 22:26:29,0,0
209,Torbay,47.67,-52.73,overcast clouds,46.99,93,90,31.09,CA,2020-05-09 22:26:29,0,0
210,Bethel,41.37,-73.41,clear sky,41.0,55,1,12.75,US,2020-05-09 22:24:37,0,0
211,Coihaique,-45.58,-72.07,moderate rain,44.6,100,90,4.68,CL,2020-05-09 22:26:29,0,0
212,Tilichiki,60.47,166.1,overcast clouds,31.68,100,100,9.78,RU,2020-05-09 22:26:30,0,0
213,Byron Bay,-28.65,153.62,clear sky,64.4,88,0,6.49,AU,2020-05-09 22:26:30,0,0
214,Oga,46.46,10.35,overcast clouds,53.6,81,89,5.82,IT,2020-05-09 22:26:30,0,0
215,The Valley,18.22,-63.06,few clouds,84.2,62,20,9.17,AI,2020-05-09 22:26:30,0,0
216,Guerrero Negro,27.98,-114.06,clear sky,77.14,43,0,14.41,MX,2020-05-09 22:23:32,0,0
217,Morehead,37.27,-87.18,clear sky,61.0,30,1,4.7,US,2020-05-09 22:26:30,0,0
218,Fasa,28.94,53.65,broken clouds,62.6,59,75,3.69,IR,2020-05-09 22:26:30,0,0
219,Chokurdakh,70.63,147.92,scattered clouds,23.99,98,47,4.99,RU,2020-05-09 22:26:31,0,0
220,Temyasovo,52.99,58.1,scattered clouds,59.0,54,40,6.71,RU,2020-05-09 22:26:31,0,0
221,Ouadda,8.08,22.4,broken clouds,70.21,65,54,2.98,CF,2020-05-09 22:26:31,0,0
222,Huarmey,-10.07,-78.15,scattered clouds,71.71,73,35,10.98,PE,2020-05-09 22:26:31,0,0
223,Saint George,37.1,-113.58,clear sky,91.99,8,1,4.7,US,2020-05-09 22:26:31,0,0
224,Paulba,13.71,123.25,overcast clouds,78.08,86,96,2.39,PH,2020-05-09 22:26:31,0,0
225,Chuy,-33.7,-53.46,broken clouds,57.42,69,80,6.58,UY,2020-05-09 22:26:31,0,0
226,Yumen,40.28,97.2,overcast clouds,44.71,49,91,12.97,CN,2020-05-09 22:26:32,0,0
227,Alvaraes,-3.22,-64.8,few clouds,80.6,88,20,3.36,BR,2020-05-09 22:26:32,0,0
228,San Quintin,30.48,-115.95,clear sky,70.12,64,0,10.0,MX,2020-05-09 22:26:32,0,0
229,Namibe,-15.2,12.15,few clouds,80.73,52,20,3.67,AO,2020-05-09 22:26:32,0,0
230,Piet Retief,-27.01,30.81,clear sky,48.92,95,0,2.19,ZA,2020-05-09 22:26:32,0,0
231,Arraial Do Cabo,-22.97,-42.03,clear sky,69.8,77,0,4.7,BR,2020-05-09 22:22:54,0,0
232,Te Anau,-45.42,167.72,light rain,52.86,88,100,3.13,NZ,2020-05-09 22:26:32,0,0
233,Butaritari,3.07,172.79,clear sky,83.12,81,0,11.25,KI,2020-05-09 22:26:33,0,0
234,Enkoping,59.64,17.08,broken clouds,42.01,75,58,5.82,SE,2020-05-09 22:26:33,0,0
235,Yarim,14.3,44.38,scattered clouds,58.05,62,50,4.0,YE,2020-05-09 22:26:33,0,0
236,Fairbanks,64.84,-147.72,clear sky,71.01,24,1,4.7,US,2020-05-09 22:26:33,0,0
237,Imeni Stepana Razina,54.89,44.3,overcast clouds,53.76,94,99,7.99,RU,2020-05-09 22:26:33,0,0
238,Zivinice,44.45,18.65,clear sky,56.97,72,7,3.71,BA,2020-05-09 22:26:33,0,0
239,Arcata,40.87,-124.08,scattered clouds,66.0,82,40,6.93,US,2020-05-09 22:26:33,0,0
240,Kostomuksha,64.57,30.58,overcast clouds,33.15,94,86,7.07,RU,2020-05-09 22:26:34,0,0
241,Mount Darwin,-16.77,31.58,clear sky,57.49,75,7,4.79,ZW,2020-05-09 22:26:34,0,0
242,Hasaki,35.73,140.83,light rain,68.0,88,75,8.05,JP,2020-05-09 22:25:02,0,0
243,Fortuna,40.6,-124.16,clear sky,63.0,82,1,13.87,US,2020-05-09 22:26:34,0,0
244,Kiruna,67.86,20.23,scattered clouds,26.6,63,42,4.7,SE,2020-05-09 22:26:34,0,0
245,Hilo,19.73,-155.09,overcast clouds,75.2,69,90,14.99,US,2020-05-09 22:26:34,0,0
246,Jiexiu,37.02,111.91,clear sky,54.16,44,0,7.29,CN,2020-05-09 22:26:34,0,0
247,Tyrma,50.08,132.17,clear sky,49.12,74,6,1.77,RU,2020-05-09 22:26:35,0,0
248,Jalu,29.03,21.55,few clouds,69.24,22,22,6.73,LY,2020-05-09 22:26:35,0,0
249,Mollendo,-17.02,-72.01,broken clouds,67.08,78,79,6.69,PE,2020-05-09 22:26:35,0,0
250,Vanimo,-2.67,141.3,light rain,81.16,82,85,5.35,PG,2020-05-09 22:26:35,0,0
251,General Roca,-39.03,-67.58,few clouds,73.4,17,13,16.11,AR,2020-05-09 22:26:35,0,0
252,Chardara,41.25,67.97,clear sky,65.79,65,0,8.9,KZ,2020-05-09 22:26:35,0,0
253,Palencia,42.42,-4.5,overcast clouds,55.0,75,99,7.4,ES,2020-05-09 22:26:35,0,0
254,Hambantota,6.12,81.12,overcast clouds,81.1,84,100,6.73,LK,2020-05-09 22:26:35,0,0
255,Amga,60.9,131.96,scattered clouds,29.64,88,32,5.64,RU,2020-05-09 22:26:36,0,0
256,Grand Gaube,-20.01,57.66,clear sky,71.01,83,0,1.99,MU,2020-05-09 22:24:32,0,0
257,Ballina,-28.87,153.57,clear sky,64.4,88,0,9.37,AU,2020-05-09 22:26:36,0,0
258,Ca Mau,9.18,105.15,overcast clouds,81.21,84,100,2.93,VN,2020-05-09 22:25:04,0,0
259,Anshun,26.25,105.93,overcast clouds,61.45,79,96,9.62,CN,2020-05-09 22:26:36,0,0
260,Avera,33.19,-82.53,clear sky,68.0,34,1,8.05,US,2020-05-09 22:26:36,0,0
261,Hamilton,39.18,-84.53,clear sky,55.0,27,1,6.93,US,2020-05-09 22:21:46,0,0
262,Horta,38.53,-28.63,overcast clouds,63.99,89,96,19.01,PT,2020-05-09 22:26:36,0,0
263,Zhongxing,33.7,118.68,scattered clouds,57.97,82,37,7.7,CN,2020-05-09 22:26:36,0,0
264,Hofn,64.25,-15.21,broken clouds,32.9,79,78,11.52,IS,2020-05-09 22:26:37,0,0
265,Dungarpur,23.83,73.72,clear sky,83.25,30,0,11.16,IN,2020-05-09 22:26:37,0,0
266,Williams Lake,52.14,-122.14,few clouds,66.2,19,20,2.24,CA,2020-05-09 22:22:09,0,0
267,Luknovo,56.2,42.04,overcast clouds,48.9,94,100,10.92,RU,2020-05-09 22:26:37,0,0
268,Praya,14.92,-23.51,broken clouds,73.4,73,75,21.92,CV,2020-05-09 22:26:37,0,0
269,Thanh Hoa,19.8,105.77,broken clouds,79.5,86,74,2.08,VN,2020-05-09 22:26:11,0,0
270,Bestobe,52.5,73.1,scattered clouds,56.73,57,25,11.56,KZ,2020-05-09 22:26:38,0,0
271,Mar Del Plata,-38.0,-57.56,clear sky,61.0,82,0,10.29,AR,2020-05-09 22:26:38,0,0
272,Ixtapa,20.7,-105.2,clear sky,84.2,74,5,16.11,MX,2020-05-09 22:26:38,0,0
273,Bambanglipuro,-7.95,110.28,overcast clouds,77.07,86,85,3.4,ID,2020-05-09 22:26:38,0,0
274,Akyab,20.15,92.9,clear sky,80.67,69,0,7.83,MM,2020-05-09 22:26:38,0,0
275,Tautira,-17.73,-149.15,scattered clouds,86.0,70,42,6.93,PF,2020-05-09 22:26:38,0,0
276,Taltal,-25.4,-70.48,broken clouds,61.11,76,74,3.47,CL,2020-05-09 22:26:38,0,0
277,Narsaq,60.92,-46.05,scattered clouds,50.0,23,45,23.04,GL,2020-05-09 22:26:38,0,0
278,Ereymentau,51.62,73.1,clear sky,55.74,56,5,15.59,KZ,2020-05-09 22:26:39,0,0
279,Sisimiut,66.94,-53.67,overcast clouds,37.17,87,98,4.63,GL,2020-05-09 22:26:39,0,0
280,Turukhansk,65.82,87.98,overcast clouds,32.59,92,100,6.46,RU,2020-05-09 22:26:39,0,0
281,Itaituba,-4.28,-55.98,broken clouds,86.0,66,75,4.7,BR,2020-05-09 22:26:39,0,0
282,Chiang Mai,18.79,98.98,light rain,81.0,74,82,3.36,TH,2020-05-09 22:24:39,0,0
283,Tiksi,71.69,128.87,clear sky,19.42,95,0,4.18,RU,2020-05-09 22:24:04,0,0
284,Provideniya,64.38,-173.3,overcast clouds,39.22,78,100,30.96,RU,2020-05-09 22:24:45,0,0
285,Ewa Beach,21.32,-158.01,scattered clouds,82.4,51,40,18.34,US,2020-05-09 22:26:40,0,0
286,Parrita,9.52,-84.32,shower rain,80.6,74,40,9.17,CR,2020-05-09 22:26:40,0,0
287,Werda,-25.27,23.28,clear sky,64.87,27,0,8.43,BW,2020-05-09 22:26:40,0,0
288,Raymond Terrace,-32.75,151.75,clear sky,57.99,66,0,11.41,AU,2020-05-09 22:26:40,0,0
289,Bela Vista De Goias,-16.97,-48.95,clear sky,73.4,64,0,8.05,BR,2020-05-09 22:26:40,0,0
290,Inirida,3.87,-67.92,broken clouds,82.24,76,76,1.66,CO,2020-05-09 22:26:40,0,0
291,Bilma,18.69,12.92,clear sky,82.65,12,0,5.1,NE,2020-05-09 22:26:40,0,0
292,Imeni Poliny Osipenko,52.42,136.49,clear sky,45.34,60,0,2.15,RU,2020-05-09 22:26:41,0,0
293,Jinan,36.67,117.0,clear sky,59.0,83,0,5.59,CN,2020-05-09 22:26:41,0,0
294,Ust-Omchug,61.15,149.63,overcast clouds,26.85,94,91,8.34,RU,2020-05-09 22:26:41,0,0
295,Nuuk,64.18,-51.72,broken clouds,44.6,75,79,5.82,GL,2020-05-09 22:26:41,0,0
296,Parana,-31.73,-60.52,clear sky,69.01,47,0,5.01,AR,2020-05-09 22:26:41,0,0
297,Malindi,-3.22,40.12,light rain,80.04,79,94,21.32,KE,2020-05-09 22:26:41,0,0
298,Bandarbeyla,9.49,50.81,clear sky,82.29,75,0,8.57,SO,2020-05-09 22:25:10,0,0
299,Anupgarh,29.19,73.21,few clouds,91.81,21,20,15.82,IN,2020-05-09 22:26:42,0,0
300,El Dorado,33.21,-92.67,clear sky,69.8,40,1,10.29,US,2020-05-09 22:26:42,0,0
301,Tandil,-37.32,-59.13,clear sky,59.0,73,0,1.01,AR,2020-05-09 22:26:42,0,0
302,Salalah,17.02,54.09,few clouds,82.4,83,20,3.36,OM,2020-05-09 22:26:42,0,0
303,Grand Island,40.92,-98.34,light rain,50.0,81,90,11.41,US,2020-05-09 22:21:58,0,0
304,Nome,64.5,-165.41,clear sky,46.4,65,1,21.92,US,2020-05-09 22:26:20,0,0
305,Mehamn,71.04,27.85,overcast clouds,29.8,90,91,6.71,NO,2020-05-09 22:26:42,0,0
306,Ahipara,-35.17,173.17,overcast clouds,61.99,70,98,5.5,NZ,2020-05-09 22:26:42,0,0
307,Fort Nelson,58.81,-122.7,scattered clouds,53.6,30,40,4.7,CA,2020-05-09 22:26:43,0,0
308,Bilibino,68.05,166.44,overcast clouds,36.45,82,100,9.91,RU,2020-05-09 22:26:43,0,0
309,Sabang,5.89,95.32,light rain,79.16,87,100,12.62,ID,2020-05-09 22:26:43,0,0
310,Maniitsoq,65.42,-52.9,overcast clouds,40.66,70,93,15.39,GL,2020-05-09 22:26:43,0,0
311,Erzin,36.96,36.2,clear sky,66.99,83,7,2.62,TR,2020-05-09 22:26:43,0,0
312,Pachora,20.67,75.35,clear sky,82.63,37,4,5.37,IN,2020-05-09 22:26:43,0,0
313,Znamenskoye,57.13,73.83,clear sky,57.33,49,0,3.67,RU,2020-05-09 22:26:43,0,0
314,Cap Malheureux,-19.98,57.61,clear sky,71.01,83,0,1.99,MU,2020-05-09 22:26:43,0,0
315,Ostrovnoy,68.05,39.51,snow,33.51,92,100,4.41,RU,2020-05-09 22:26:43,0,0
316,Calabar,4.95,8.32,overcast clouds,78.93,87,98,2.21,NG,2020-05-09 22:26:44,0,0
317,Umea,63.83,20.26,broken clouds,39.2,69,80,5.82,SE,2020-05-09 22:26:44,0,0
318,Astana,51.18,71.45,overcast clouds,59.0,53,93,11.18,KZ,2020-05-09 22:26:44,0,0
319,Payo,-3.75,103.64,overcast clouds,74.1,96,100,3.22,ID,2020-05-09 22:26:44,0,0
320,Rawson,-43.3,-65.1,few clouds,63.5,34,22,10.83,AR,2020-05-09 22:25:33,0,0
321,Tapes,-30.67,-51.4,clear sky,62.49,67,0,4.65,BR,2020-05-09 22:26:44,0,0
322,Ust-Kan,50.93,84.76,clear sky,47.21,55,0,3.2,RU,2020-05-09 22:26:44,0,0
323,Abu Samrah,35.3,37.18,clear sky,60.89,65,0,21.3,SY,2020-05-09 22:26:45,0,0
324,Saint Anthony,45.02,-93.22,light rain,55.4,46,90,9.17,US,2020-05-09 22:26:45,0,0
325,Ryki,51.63,21.93,clear sky,53.01,44,0,1.52,PL,2020-05-09 22:26:45,0,0
326,Kutum,14.2,24.67,clear sky,71.73,16,0,10.11,SD,2020-05-09 22:26:45,0,0
327,Paris,48.85,2.35,moderate rain,62.01,87,100,6.93,FR,2020-05-09 22:26:38,0,0
328,Chak Jhumra,31.57,73.18,scattered clouds,85.21,31,31,6.71,PK,2020-05-09 22:26:45,0,0
329,Conde,-7.26,-34.91,few clouds,77.0,83,20,5.82,BR,2020-05-09 22:26:45,0,0
330,Souillac,-20.52,57.52,scattered clouds,75.2,78,40,9.17,MU,2020-05-09 22:26:45,0,0
331,Linden,6.0,-58.3,few clouds,82.4,74,20,11.41,GY,2020-05-09 22:26:46,0,0
332,Ambon,-3.7,128.18,scattered clouds,78.8,88,40,5.82,ID,2020-05-09 22:25:34,0,0
333,Kishtwar,33.32,75.77,overcast clouds,55.81,50,99,4.81,IN,2020-05-09 22:26:46,0,0
334,Sabha,27.04,14.43,clear sky,81.82,16,0,10.42,LY,2020-05-09 22:26:46,0,0
335,Dolinsk,47.35,142.8,few clouds,48.2,70,20,2.24,RU,2020-05-09 22:26:46,0,0
336,Calabozo,8.92,-67.43,broken clouds,96.28,30,81,3.87,VE,2020-05-09 22:26:46,0,0
337,Hami,42.8,93.45,clear sky,54.39,35,0,5.55,CN,2020-05-09 22:26:46,0,0
338,Dharchula,29.85,80.53,broken clouds,58.55,55,77,5.19,IN,2020-05-09 22:26:46,0,0
339,Wageningen,51.97,5.67,overcast clouds,61.0,72,90,11.41,NL,2020-05-09 22:26:47,0,0
340,Paragould,36.06,-90.5,clear sky,66.99,34,1,6.93,US,2020-05-09 22:24:31,0,0
341,Oksfjord,70.24,22.35,broken clouds,32.0,88,71,13.87,NO,2020-05-09 22:26:47,0,0
342,Willowmore,-33.29,23.49,clear sky,57.69,35,0,2.06,ZA,2020-05-09 22:26:47,0,0
343,Ponta Delgada,37.73,-25.67,broken clouds,62.6,88,75,16.11,PT,2020-05-09 22:26:47,0,0
344,Gat,31.61,34.76,few clouds,64.99,77,11,3.04,IL,2020-05-09 22:23:27,0,0
345,Yuncheng,35.02,110.99,clear sky,51.93,73,0,1.41,CN,2020-05-09 22:26:48,0,0
346,Kolpashevo,58.31,82.91,overcast clouds,58.08,63,94,4.43,RU,2020-05-09 22:25:50,0,0
347,Westport,41.14,-73.36,overcast clouds,39.99,69,90,14.99,US,2020-05-09 22:24:47,0,0
348,Codrington,-38.27,141.97,overcast clouds,46.2,81,86,8.43,AU,2020-05-09 22:25:06,0,0
349,Talnakh,69.49,88.4,broken clouds,30.2,86,75,17.9,RU,2020-05-09 22:26:48,0,0
350,Lorengau,-2.02,147.27,few clouds,85.03,73,15,8.12,PG,2020-05-09 22:26:48,0,0
351,Palmer,42.16,-72.33,scattered clouds,43.0,28,40,24.16,US,2020-05-09 22:26:48,0,0
352,Iberia,29.95,-91.75,overcast clouds,66.2,55,90,11.41,US,2020-05-09 22:25:12,0,0
353,Anito,12.45,125.29,overcast clouds,80.62,88,100,5.12,PH,2020-05-09 22:26:49,0,0
354,Severo-Kurilsk,50.68,156.12,overcast clouds,33.46,91,94,17.81,RU,2020-05-09 22:26:49,0,0
355,Saskylakh,71.92,114.08,light snow,21.33,97,100,13.47,RU,2020-05-09 22:26:49,0,0
356,Faanui,-16.48,-151.75,few clouds,81.5,79,22,16.98,PF,2020-05-09 22:26:49,0,0
357,Saint-Joseph,-21.37,55.62,few clouds,69.8,73,20,8.05,RE,2020-05-09 22:26:49,0,0
358,Tarana,23.33,76.03,clear sky,82.33,24,3,10.29,IN,2020-05-09 22:26:49,0,0
359,Mackay,-21.15,149.2,clear sky,68.0,88,1,5.82,AU,2020-05-09 22:26:50,0,0
360,Jiuquan,39.74,98.52,clear sky,45.93,49,1,8.21,CN,2020-05-09 22:24:58,0,0
361,Boditi,6.97,37.87,light rain,59.38,92,98,1.16,ET,2020-05-09 22:26:50,0,0
362,Houston,29.76,-95.36,clear sky,72.0,46,1,10.29,US,2020-05-09 22:24:58,0,0
363,Awbari,26.59,12.78,clear sky,82.94,15,0,11.3,LY,2020-05-09 22:26:50,0,0
364,Palu,-0.89,119.87,overcast clouds,77.02,79,100,3.11,ID,2020-05-09 22:26:43,0,0
365,Kaitangata,-46.28,169.85,overcast clouds,51.01,72,96,4.0,NZ,2020-05-09 22:26:50,0,0
366,Visakhapatnam,17.69,83.21,clear sky,83.3,81,0,11.48,IN,2020-05-09 22:26:51,0,0
367,La Estancia,20.42,-100.07,broken clouds,78.8,36,75,4.7,MX,2020-05-09 22:26:51,0,0
368,Pacific Grove,36.62,-121.92,clear sky,64.4,63,1,12.75,US,2020-05-09 22:23:00,0,0
369,Uvalde,29.37,-99.77,clear sky,82.0,39,1,9.17,US,2020-05-09 22:26:51,0,0
370,Meulaboh,4.14,96.13,overcast clouds,77.07,90,100,4.5,ID,2020-05-09 22:26:51,0,0
371,Port Hawkesbury,45.62,-61.35,overcast clouds,41.0,80,90,17.22,CA,2020-05-09 22:26:51,0,0
372,Santo Antonio Do Ica,-3.1,-67.94,overcast clouds,76.51,85,97,1.01,BR,2020-05-09 22:26:51,0,0
373,Wladyslawowo,54.79,18.4,clear sky,50.0,63,0,5.57,PL,2020-05-09 22:26:52,0,0
374,Sawtell,-30.38,153.1,clear sky,62.6,82,0,5.82,AU,2020-05-09 22:26:52,0,0
375,Maceio,-9.67,-35.74,few clouds,80.6,74,20,4.7,BR,2020-05-09 22:26:52,0,0
376,Yoichi,43.2,140.77,light intensity shower rain,54.0,87,75,9.17,JP,2020-05-09 22:26:52,0,0
377,Houma,29.6,-90.72,clear sky,66.0,55,1,12.75,US,2020-05-09 22:23:14,0,0
378,North Myrtle Beach,33.82,-78.68,clear sky,66.0,34,1,5.82,US,2020-05-09 22:26:52,0,0
379,Rock Sound,24.9,-76.2,moderate rain,78.51,80,100,8.5,BS,2020-05-09 22:26:53,0,0
380,Davila,18.47,120.58,haze,75.2,88,20,3.36,PH,2020-05-09 22:26:53,0,0
381,Mgandu,-5.95,34.13,clear sky,59.65,88,2,5.32,TZ,2020-05-09 22:26:53,0,0
382,Melipilla,-33.7,-71.22,clear sky,68.0,42,0,13.87,CL,2020-05-09 22:25:43,0,0
383,Kashan,33.98,51.44,overcast clouds,79.57,28,100,3.98,IR,2020-05-09 22:26:54,0,0
384,Pimentel,-6.84,-79.93,scattered clouds,75.2,69,48,23.04,PE,2020-05-09 22:26:54,0,0
385,Izhma,65.01,53.91,broken clouds,40.91,91,71,3.58,RU,2020-05-09 22:26:54,0,0
386,Szczytno,53.56,20.99,clear sky,43.07,71,0,2.08,PL,2020-05-09 22:26:54,0,0
387,Rocha,-34.48,-54.33,scattered clouds,53.64,79,46,7.38,UY,2020-05-09 22:26:54,0,0
388,Lubango,-14.92,13.49,broken clouds,59.83,53,56,1.9,AO,2020-05-09 22:26:54,0,0
389,Norman Wells,65.28,-126.83,clear sky,46.4,52,5,16.11,CA,2020-05-09 22:26:54,0,0
390,Isangel,-19.55,169.27,few clouds,73.4,94,20,13.82,VU,2020-05-09 22:26:55,0,0
391,Valley City,46.92,-98.0,light snow,41.0,81,90,25.28,US,2020-05-09 22:26:55,0,0
392,Caravelas,-17.71,-39.25,few clouds,71.38,71,16,9.06,BR,2020-05-09 22:26:55,0,0
393,Anadyr,64.75,177.48,rain and snow,33.8,95,90,60.4,RU,2020-05-09 22:24:55,0,0
394,Aquiraz,-3.9,-38.39,few clouds,82.4,74,20,5.82,BR,2020-05-09 22:26:55,0,0
395,Ust-Kuyga,70.02,135.6,overcast clouds,29.34,97,100,5.35,RU,2020-05-09 22:25:26,0,0
396,Luangwa,-15.62,30.42,clear sky,63.61,80,0,3.09,ZM,2020-05-09 22:26:55,0,0
397,Kant,27.8,79.8,clear sky,83.07,35,1,7.99,IN,2020-05-09 22:26:56,0,0
398,Bonfim,3.08,-59.95,broken clouds,84.88,63,67,5.48,BR,2020-05-09 22:26:56,0,0
399,Pacifica,37.61,-122.49,few clouds,64.4,59,20,25.28,US,2020-05-09 22:26:56,0,0
400,Tateyama,34.98,139.87,broken clouds,66.99,100,84,8.99,JP,2020-05-09 22:25:51,0,0
401,San Carlos De Bariloche,-41.15,-71.31,moderate rain,48.99,81,75,12.75,AR,2020-05-09 22:24:21,0,0
402,Pisco,-13.7,-76.22,clear sky,69.8,77,10,17.22,PE,2020-05-09 22:26:56,0,0
403,Port Elizabeth,-33.92,25.57,mist,60.8,93,0,4.7,ZA,2020-05-09 22:24:43,0,0
404,Labuan,5.28,115.24,broken clouds,80.6,94,75,1.12,MY,2020-05-09 22:24:01,0,0
405,Mersing,2.43,103.84,overcast clouds,78.8,94,87,5.82,MY,2020-05-09 22:26:57,0,0
406,Vila Franca Do Campo,37.72,-25.43,broken clouds,62.6,88,75,16.11,PT,2020-05-09 22:26:57,0,0
407,Dubbo,-32.25,148.62,clear sky,46.4,87,0,5.82,AU,2020-05-09 22:24:27,0,0
408,Hare Bay,48.85,-54.01,light rain,42.8,100,90,27.51,CA,2020-05-09 22:26:57,0,0
409,Nago,26.59,127.98,broken clouds,75.2,94,75,6.93,JP,2020-05-09 22:26:57,0,0
410,Manacapuru,-3.3,-60.62,scattered clouds,82.4,88,40,3.36,BR,2020-05-09 22:26:57,0,0
411,Camargo,27.67,-105.17,broken clouds,83.64,22,68,3.29,MX,2020-05-09 22:26:58,0,0
412,Synya,65.37,58.04,light rain,42.64,90,100,5.3,RU,2020-05-09 22:26:58,0,0
413,Nalut,30.33,10.85,overcast clouds,87.44,12,88,18.45,LY,2020-05-09 22:26:58,0,0
414,Burgersdorp,-31.0,26.33,clear sky,51.19,43,0,0.43,ZA,2020-05-09 22:26:58,0,0
415,Havre-Saint-Pierre,50.23,-63.6,broken clouds,41.0,75,75,6.93,CA,2020-05-09 22:26:58,0,0
416,Kulhudhuffushi,6.62,73.07,overcast clouds,82.71,77,100,5.35,MV,2020-05-09 22:26:58,0,0
417,Muncar,-8.43,114.33,broken clouds,77.29,87,76,3.71,ID,2020-05-09 22:26:58,0,0
418,Husavik,66.04,-17.34,clear sky,28.4,81,0,5.82,IS,2020-05-09 22:26:58,0,0
419,Hit,33.64,42.83,clear sky,74.26,40,7,18.77,IQ,2020-05-09 22:26:59,0,0
420,Okhotsk,59.38,143.3,clear sky,38.17,75,0,13.62,RU,2020-05-09 22:26:59,0,0
421,Antofagasta,-23.65,-70.4,broken clouds,60.8,77,75,12.75,CL,2020-05-09 22:26:59,0,0
422,Klang,3.03,101.45,few clouds,81.0,94,20,1.61,MY,2020-05-09 22:26:59,0,0
423,Yinchuan,38.47,106.27,overcast clouds,54.57,38,98,16.31,CN,2020-05-09 22:26:59,0,0
424,Scarborough,54.28,-0.4,scattered clouds,55.99,77,37,5.21,GB,2020-05-09 22:22:34,0,0
425,Ambovombe,-25.17,46.08,clear sky,68.05,81,0,14.14,MG,2020-05-09 22:26:59,0,0
426,Sao Paulo De Olivenca,-3.38,-68.87,overcast clouds,79.27,79,89,1.95,BR,2020-05-09 22:26:59,0,0
427,Madisonville,37.33,-87.5,clear sky,60.8,19,1,4.7,US,2020-05-09 22:27:00,0,0
428,Rundu,-17.93,19.77,clear sky,62.6,55,6,3.36,NA,2020-05-09 22:27:00,0,0
429,Sao Filipe,14.9,-24.5,overcast clouds,74.32,75,96,9.6,CV,2020-05-09 22:27:00,0,0
430,Sabla,12.75,4.71,clear sky,93.88,20,0,3.71,NG,2020-05-09 22:27:00,0,0
431,Nyurba,63.28,118.33,broken clouds,35.85,72,73,8.57,RU,2020-05-09 22:27:00,0,0
432,Xiantao,30.38,113.4,scattered clouds,60.01,89,29,1.25,CN,2020-05-09 22:27:00,0,0
433,Boizenburg,53.38,10.72,clear sky,55.99,67,0,5.23,DE,2020-05-09 22:27:01,0,0
434,Mitsamiouli,-11.38,43.28,light rain,81.25,78,62,12.77,KM,2020-05-09 22:27:01,0,0
435,Sabya,17.15,42.63,clear sky,91.4,59,0,5.17,SA,2020-05-09 22:27:01,0,0
436,Jizan,17.33,42.67,clear sky,91.4,59,0,4.65,SA,2020-05-09 22:27:01,0,0
437,Dingle,11.0,122.67,overcast clouds,77.68,84,88,4.94,PH,2020-05-09 22:27:01,0,0
438,Tual,-5.67,132.75,few clouds,82.71,81,14,18.95,ID,2020-05-09 22:27:01,0,0
439,Tibati,6.47,12.63,overcast clouds,69.04,92,100,3.22,CM,2020-05-09 22:27:01,0,0
440,Panama City,8.99,-79.52,broken clouds,87.8,74,75,11.41,PA,2020-05-09 22:23:03,0,0
441,Vila Velha,-20.33,-40.29,few clouds,68.0,82,17,7.72,BR,2020-05-09 22:23:01,0,0
442,Coulommiers,48.81,3.08,light rain,63.0,94,99,1.01,FR,2020-05-09 22:27:02,0,0
443,Terrak,65.09,12.37,light snow,33.8,89,100,11.41,NO,2020-05-09 22:27:02,0,0
444,North Bend,43.41,-124.22,clear sky,75.99,82,1,10.29,US,2020-05-09 22:27:02,0,0
445,Morrope,-6.54,-80.01,scattered clouds,75.2,69,34,23.04,PE,2020-05-09 22:27:02,0,0
446,Luganville,-15.53,167.17,broken clouds,80.6,74,75,8.05,VU,2020-05-09 22:27:02,0,0
447,Smithers,54.78,-127.17,scattered clouds,71.6,19,40,13.87,CA,2020-05-09 22:25:27,0,0
448,Wanganui,-39.93,175.05,clear sky,55.99,82,0,1.01,NZ,2020-05-09 22:27:03,0,0
449,Hualmay,-11.1,-77.61,scattered clouds,70.07,75,48,10.42,PE,2020-05-09 22:27:03,0,0
450,Belorechensk,44.76,39.87,few clouds,53.6,76,18,11.18,RU,2020-05-09 22:27:03,0,0
451,Poitiers,46.58,0.33,heavy intensity rain,64.4,82,75,3.36,FR,2020-05-09 22:23:35,0,0
452,Kautokeino,69.01,23.04,clear sky,13.96,85,6,3.31,NO,2020-05-09 22:27:03,0,0
453,Los Llanos De Aridane,28.66,-17.92,few clouds,68.0,72,19,14.99,ES,2020-05-09 22:27:03,0,0
454,Vila,42.03,-8.16,broken clouds,57.0,93,75,3.36,PT,2020-05-09 22:27:03,0,0
455,Cabrobo,-8.51,-39.31,broken clouds,74.75,83,57,15.68,BR,2020-05-09 22:27:04,0,0
456,Micheweni,-4.97,39.83,light rain,80.91,75,96,17.72,TZ,2020-05-09 22:27:04,0,0
457,Bengkulu,-3.8,102.27,overcast clouds,76.59,89,100,4.27,ID,2020-05-09 22:27:04,0,0
458,Klyuchi,52.27,79.17,clear sky,54.95,60,0,10.49,RU,2020-05-09 22:27:04,0,0
459,Corumba,-19.01,-57.65,clear sky,82.4,45,0,9.17,BR,2020-05-09 22:27:04,0,0
460,South Sioux City,42.47,-96.41,moderate rain,52.0,87,40,9.17,US,2020-05-09 22:27:04,0,0
461,Ancud,-41.87,-73.82,broken clouds,48.99,87,75,9.17,CL,2020-05-09 22:27:04,0,0
462,Raudeberg,61.99,5.14,snow,36.0,88,99,25.01,NO,2020-05-09 22:27:05,0,0
463,Gerpinnes,50.34,4.53,broken clouds,62.6,77,58,3.36,BE,2020-05-09 22:23:15,0,0
464,Cloquet,46.72,-92.46,overcast clouds,43.0,69,90,6.93,US,2020-05-09 22:26:21,0,0
465,Hay River,60.82,-115.8,few clouds,32.0,80,20,10.29,CA,2020-05-09 22:27:05,0,0
466,Ayan,56.45,138.17,scattered clouds,38.07,73,33,12.44,RU,2020-05-09 22:27:05,0,0
467,Arlit,18.74,7.39,scattered clouds,89.29,10,34,7.47,NE,2020-05-09 22:27:05,0,0
468,Franca,-20.54,-47.4,clear sky,58.73,84,3,6.53,BR,2020-05-09 22:27:06,0,0
469,Bull Savanna,17.89,-77.59,overcast clouds,81.72,73,100,16.98,JM,2020-05-09 22:27:06,0,0
470,Weiser,44.25,-116.97,clear sky,80.6,14,1,4.7,US,2020-05-09 22:27:06,0,0
471,Kununurra,-15.77,128.73,overcast clouds,73.4,69,90,8.46,AU,2020-05-09 22:27:06,0,0
472,Kloulklubed,7.04,134.26,overcast clouds,78.8,88,90,6.93,PW,2020-05-09 22:24:48,0,0
473,Carutapera,-1.2,-46.02,light rain,77.14,91,78,5.61,BR,2020-05-09 22:24:54,0,0
474,Portland,45.52,-122.68,broken clouds,87.01,23,75,18.34,US,2020-05-09 22:23:09,0,0
475,Suntar,62.14,117.63,scattered clouds,35.89,79,29,6.64,RU,2020-05-09 22:25:28,0,0
476,Pachmarhi,22.47,78.43,broken clouds,79.16,25,82,2.91,IN,2020-05-09 22:27:07,0,0
477,Tabory,58.52,64.55,clear sky,59.04,54,9,5.26,RU,2020-05-09 22:27:07,0,0
478,Kirakira,-10.45,161.92,clear sky,83.57,71,10,7.96,SB,2020-05-09 22:27:07,0,0
479,Beyneu,45.32,55.2,scattered clouds,65.25,56,30,16.69,KZ,2020-05-09 22:27:07,0,0
480,Poum,-20.23,164.02,clear sky,75.65,69,0,12.19,NC,2020-05-09 22:27:07,0,0
481,Dauriya,49.93,116.87,broken clouds,44.15,59,83,19.64,RU,2020-05-09 22:27:07,0,0
482,Boguchany,58.38,97.45,overcast clouds,51.03,84,100,6.49,RU,2020-05-09 22:27:07,0,0
483,Longview,32.5,-94.74,clear sky,70.0,40,1,8.05,US,2020-05-09 22:25:48,0,0
484,Yerbogachen,61.28,108.01,light rain,47.77,94,100,9.35,RU,2020-05-09 22:25:24,0,0
485,Maneadero,31.72,-116.57,few clouds,72.0,76,21,4.0,MX,2020-05-09 22:27:08,0,0
486,Lagdo,9.05,13.73,overcast clouds,90.36,41,97,5.21,CM,2020-05-09 22:27:08,0,0
487,Iguape,-24.71,-47.56,clear sky,67.82,80,1,9.84,BR,2020-05-09 22:27:08,0,0
488,Vodnyy,63.5,53.41,light rain,44.42,97,100,3.85,RU,2020-05-09 22:27:08,0,0
489,Shar,49.59,81.05,scattered clouds,57.4,46,46,4.68,KZ,2020-05-09 22:27:08,0,0
490,Ostersund,63.18,14.64,broken clouds,33.8,86,79,1.77,SE,2020-05-09 22:27:08,0,0
491,Yudong,29.39,106.52,overcast clouds,69.01,88,87,2.24,CN,2020-05-09 22:27:09,0,0
492,Severodvinsk,64.56,39.83,few clouds,37.4,93,20,2.24,RU,2020-05-09 22:27:09,0,0
493,Wilmington,34.23,-77.94,clear sky,64.4,27,1,12.75,US,2020-05-09 22:25:10,0,0
494,Pemberton,50.32,-122.8,few clouds,75.2,23,20,4.7,CA,2020-05-09 22:24:28,0,0
495,Cervo,43.67,-7.41,light rain,57.99,1,100,5.08,ES,2020-05-09 22:27:09,0,0
496,Itoman,26.12,127.67,scattered clouds,77.0,94,40,8.05,JP,2020-05-09 22:27:09,0,0
497,San Jose,37.34,-121.89,few clouds,82.99,47,20,12.75,US,2020-05-09 22:26:57,0,0
498,Asyut,27.18,31.18,clear sky,71.6,43,0,9.17,EG,2020-05-09 22:27:09,0,0
499,Srednekolymsk,67.45,153.68,overcast clouds,33.82,91,98,12.15,RU,2020-05-09 22:27:10,0,0
500,Oxbow,49.23,-102.17,clear sky,41.0,61,7,11.01,CA,2020-05-09 22:27:10,0,0
501,Semnan,35.57,53.4,overcast clouds,71.47,24,100,1.72,IR,2020-05-09 22:27:11,0,0
502,Aklavik,68.22,-135.01,few clouds,42.8,56,20,14.99,CA,2020-05-09 22:27:11,0,0
503,Minot,48.23,-101.3,broken clouds,42.8,56,75,14.99,US,2020-05-09 22:27:11,0,0
504,Sao Felix Do Xingu,-6.64,-51.99,broken clouds,75.47,90,55,2.42,BR,2020-05-09 22:27:11,0,0
505,Kampong Chhnang,12.17,104.55,overcast clouds,81.81,78,100,7.38,KH,2020-05-09 22:27:11,0,0
506,Luanda,-8.84,13.23,broken clouds,80.6,88,75,8.05,AO,2020-05-09 22:22:23,0,0
507,Mareeba,-17.0,145.43,scattered clouds,73.4,73,38,8.05,AU,2020-05-09 22:27:12,0,0
508,Bend,44.06,-121.32,clear sky,80.6,19,1,10.29,US,2020-05-09 22:25:02,0,0
509,Mayo,38.89,-76.51,broken clouds,50.0,39,75,11.41,US,2020-05-09 22:27:12,0,0
510,Chippewa Falls,44.94,-91.39,few clouds,54.0,32,20,12.75,US,2020-05-09 22:27:12,0,0
511,Boulder City,35.98,-114.83,clear sky,99.0,8,1,11.41,US,2020-05-09 22:27:12,0,0
512,Aripuana,-9.17,-60.63,overcast clouds,79.0,78,92,1.05,BR,2020-05-09 22:27:12,0,0
513,Marabba,12.35,32.18,overcast clouds,87.24,14,100,3.0,SD,2020-05-09 22:27:12,0,0
514,Baruun-Urt,46.68,113.28,overcast clouds,39.7,68,100,20.92,MN,2020-05-09 22:27:12,0,0
515,Acajutla,13.59,-89.83,overcast clouds,88.29,60,100,7.14,SV,2020-05-09 22:27:13,0,0
516,Stornoway,58.21,-6.39,light intensity shower rain,42.8,81,40,23.04,GB,2020-05-09 22:27:13,0,0
517,Tamworth,52.63,-1.7,overcast clouds,62.6,72,100,6.93,GB,2020-05-09 22:23:53,0,0
518,Dicabisagan,17.08,122.42,broken clouds,80.02,81,62,1.83,PH,2020-05-09 22:27:13,0,0
519,Nisia Floresta,-6.09,-35.21,scattered clouds,78.8,78,40,4.7,BR,2020-05-09 22:27:13,0,0
520,Quatre Cocos,-20.21,57.76,scattered clouds,75.2,78,40,9.17,MU,2020-05-09 22:24:34,0,0
521,Durango,24.83,-104.83,few clouds,78.78,19,14,5.93,MX,2020-05-09 22:22:42,0,0
522,Najran,17.49,44.13,clear sky,77.0,44,0,1.72,SA,2020-05-09 22:24:29,0,0
523,Bathsheba,13.22,-59.52,scattered clouds,80.6,69,40,19.46,BB,2020-05-09 22:25:24,0,0
524,Edd,13.93,41.69,scattered clouds,92.19,45,31,15.17,ER,2020-05-09 22:27:14,0,0
525,Mananjary,-21.22,48.33,moderate rain,70.2,89,55,5.57,MG,2020-05-09 22:27:14,0,0
526,Calella,41.62,2.67,broken clouds,64.99,79,71,5.55,ES,2020-05-09 22:27:14,0,0
527,Pishin,30.58,67.0,clear sky,68.36,22,5,2.48,PK,2020-05-09 22:27:14,0,0
528,Noumea,-22.28,166.46,overcast clouds,73.99,82,90,2.24,NC,2020-05-09 22:27:14,0,0
529,Ambilobe,-13.2,49.05,scattered clouds,72.18,85,40,4.05,MG,2020-05-09 22:27:14,0,0
530,Honiara,-9.43,159.95,few clouds,86.0,79,20,5.82,SB,2020-05-09 22:22:53,0,0
531,Kyshtovka,56.55,76.63,clear sky,58.98,47,0,1.3,RU,2020-05-09 22:27:15,0,0
532,Moshenskoye,58.51,34.59,scattered clouds,43.97,79,44,7.54,RU,2020-05-09 22:27:15,0,0
533,Port Keats,-14.25,129.55,scattered clouds,73.69,59,36,6.55,AU,2020-05-09 22:27:15,0,0
534,Olafsvik,64.89,-23.71,clear sky,37.94,68,1,2.51,IS,2020-05-09 22:24:33,0,0
535,Katangli,51.71,143.23,clear sky,39.27,76,0,6.58,RU,2020-05-09 22:25:38,0,0
536,Egvekinot,66.32,-179.17,overcast clouds,31.75,99,100,14.74,RU,2020-05-09 22:27:15,0,0
537,Lethem,3.38,-59.8,broken clouds,84.72,60,60,7.7,GY,2020-05-09 22:27:16,0,0
538,Rudbar,30.15,62.6,clear sky,84.43,14,9,8.75,AF,2020-05-09 22:27:16,0,0
539,Harrisburg,40.27,-76.88,broken clouds,44.01,41,75,26.4,US,2020-05-09 22:22:51,0,0
540,Vankleek Hill,45.52,-74.65,overcast clouds,39.99,47,90,13.87,CA,2020-05-09 22:27:16,0,0
